代码,名称
000166,申万宏源
002151,北斗星通
002371,北方华创
00376,云锋金融
00700,腾讯控股
00981,中芯国际
01810,小米集团-W
02015,理想汽车-W
02050,三花智控
02670,云迹
03690,美团-W
06088,鸿腾精密
06181,老铺黄金
09868,小鹏汽车-W
09988,阿里巴巴-W
159399,国泰富时中国A股自由现金流聚焦ETF
159783,华夏中证科创创业50ETF
159819,易方达中证人工智能主题ETF
300199,翰宇药业
301373,凌玮科技
508060,南方万国数据中心REIT
510170,国联安上证商品ETF
510300,华泰柏瑞沪深300ETF
510500,南方中证500ETF
510880,华泰柏瑞上证红利ETF
512400,南方中证申万有色金属ETF
512660,国泰中证军工ETF
512890,华泰柏瑞中证红利低波ETF
513050,易方达中证海外中国互联网50(QDII-ETF)
513300,华夏纳斯达克100ETF(QDII)
513500,博时标普500ETF
513600,南方恒指ETF
513820,汇添富中证港股通高股息投资ETF
513880,华安日经225ETF
513950,富国恒生港股通高股息低波动ETF(QDII)
516010,国泰中证动漫游戏ETF
518880,华安黄金易ETF
562500,华夏中证机器人ETF
588080,易方达上证科创板50ETF
588790,博时科创板人工智能ETF
600036,招商银行
600750,江中药业
600900,长江电力
601888,中国中免
601919,中远海控
688012,中微公司
688502,茂莱光学
